{
  "default": {
    "threshold": 0.5,
    "precision": 0.6060606060606061,
    "recall": 0.8108108108108109,
    "f1": 0.6936416184971098,
    "tp": 60,
    "fp": 39,
    "fn": 14,
    "tn": 42608,
    "fraud_caught": 60,
    "fraud_missed": 14,
    "false_alerts": 39,
    "predicted_frauds": 99,
    "predicted_legitimate": 42622
  },
  "best_f1": {
    "threshold": 0.98,
    "precision": 0.9137931034482759,
    "recall": 0.7162162162162162,
    "f1": 0.803030303030303,
    "tp": 53.0,
    "fp": 5.0,
    "fn": 21.0,
    "tn": 42642.0,
    "fraud_caught": 53.0,
    "fraud_missed": 21.0,
    "false_alerts": 5.0,
    "predicted_frauds": 58.0,
    "predicted_legitimate": 42663.0
  },
  "recall_target": {
    "threshold": 0.53,
    "precision": 0.625,
    "recall": 0.8108108108108109,
    "f1": 0.7058823529411765,
    "tp": 60.0,
    "fp": 36.0,
    "fn": 14.0,
    "tn": 42611.0,
    "fraud_caught": 60.0,
    "fraud_missed": 14.0,
    "false_alerts": 36.0,
    "predicted_frauds": 96.0,
    "predicted_legitimate": 42625.0
  }
}